﻿<?xml version="1.0" encoding="utf-8"?>
<Definition>
  <Library>
    <File Path=".\EQPLibrary.dll" Type="EQP" />
    <File Path=".\PLCLibrary.dll" Type="SYS" />
  </Library>
  <Category Name="SECS">
    <Workflow Name="TriggerS1F13">
      <Step StepName="0FA3-0DF1-CF0C-8BB9" ClassName="RandaSoft.EQPLibrary" FunctionName="TriggerS1F13" Style="1" Primary="1" X="467" Y="9" ParameterName="" ParameterValue="">
        <Child StepName="2BB2-8180-3C1A-5047" Criteria="OK" />
      </Step>
      <Step StepName="2BB2-8180-3C1A-5047" ClassName="RandaSoft.EQPLibrary" FunctionName="SendS1F14" Style="1" Primary="0" X="458" Y="546" ParameterName="COMMACK" ParameterValue="0" />
      <Step StepName="A499-D35F-9AFC-0029" ClassName="RandaSoft.EQPLibrary" FunctionName="SendS1F13" Style="1" Primary="1" X="76" Y="79" ParameterName="" ParameterValue="" />
      <Step StepName="1203-2F0E-1BEA-5557" ClassName="RandaSoft.EQPLibrary" FunctionName="DefaultOnlineState" Style="1" Primary="0" X="470" Y="347" ParameterName="" ParameterValue="">
        <Child StepName="CC13-409E-26F9-B7E5" Criteria="REMOTE" />
        <Child StepName="D1A4-9DB0-398C-21F9" Criteria="LOCAL" />
      </Step>
      <Step StepName="CC13-409E-26F9-B7E5" ClassName="RandaSoft.EQPLibrary" FunctionName="ChangeRemote" Style="1" Primary="0" X="641" Y="247" ParameterName="" ParameterValue="">
        <Child StepName="2BB2-8180-3C1A-5047" Criteria="OK" />
      </Step>
      <Step StepName="D1A4-9DB0-398C-21F9" ClassName="RandaSoft.EQPLibrary" FunctionName="ChangeLocal" Style="1" Primary="0" X="319" Y="267" ParameterName="" ParameterValue="">
        <Child StepName="2BB2-8180-3C1A-5047" Criteria="OK" />
      </Step>
      <Step StepName="097D-CF07-C264-A450" ClassName="RandaSoft.EQPLibrary" FunctionName="isRemoteOrLocal" Style="1" Primary="0" X="459" Y="132" ParameterName="" ParameterValue="">
        <Child StepName="2BB2-8180-3C1A-5047" Criteria="OK" />
        <Child StepName="1203-2F0E-1BEA-5557" Criteria="NG" />
      </Step>
    </Workflow>
    <Workflow Name="TriggerS1F17">
      <Step StepName="A260-67EA-5B47-3D33" ClassName="RandaSoft.EQPLibrary" FunctionName="TriggerS1F17" Style="1" Primary="1" X="159" Y="22" ParameterName="" ParameterValue="">
        <Child StepName="C5B4-40C1-CF9B-6709" Criteria="All" />
      </Step>
      <Step StepName="450A-6215-4EF1-885D" ClassName="RandaSoft.EQPLibrary" FunctionName="SendS1F18" Style="1" Primary="0" X="136" Y="396" ParameterName="ONLACK" ParameterValue="0">
      </Step>
      <Step StepName="A68C-281A-5F74-4160" ClassName="RandaSoft.EQPLibrary" FunctionName="ChangeLocal" Style="1" Primary="0" X="6" Y="300" ParameterName="" ParameterValue="">
        <Child StepName="450A-6215-4EF1-885D" Criteria="OK" />
      </Step>
      <Step StepName="1A17-6963-7B7E-892A" ClassName="RandaSoft.EQPLibrary" FunctionName="SendS1F18" Style="1" Primary="0" X="477" Y="114" ParameterName="ONLACK" ParameterValue="2" />
      <Step StepName="55DF-D76D-0EC7-F0B3" ClassName="RandaSoft.EQPLibrary" FunctionName="CtrlState" Style="1" Primary="0" X="308" Y="95" ParameterName="" ParameterValue="">
        <Child StepName="1A17-6963-7B7E-892A" Criteria="REMOTE,LOCAL" />
      </Step>
      <Step StepName="C5B4-40C1-CF9B-6709" ClassName="RandaSoft.EQPLibrary" FunctionName="DefaultOnlineState" Style="1" Primary="0" X="159" Y="187" ParameterName="" ParameterValue="">
        <Child StepName="A68C-281A-5F74-4160" Criteria="LOCAL" />
        <Child StepName="FCFA-52C8-0D62-218F" Criteria="REMOTE" />
        <Child StepName="E880-0C0C-A167-E155" Criteria="Others" />
      </Step>
      <Step StepName="FCFA-52C8-0D62-218F" ClassName="RandaSoft.EQPLibrary" FunctionName="ChangeRemote" Style="1" Primary="0" X="279" Y="296" ParameterName="" ParameterValue="">
        <Child StepName="450A-6215-4EF1-885D" Criteria="OK" />
      </Step>
      <Step StepName="E880-0C0C-A167-E155" ClassName="RandaSoft.EQPLibrary" FunctionName="SendS1F18" Style="1" Primary="0" X="479" Y="196" ParameterName="ONLACK" ParameterValue="1" />
    </Workflow>
    <Workflow Name="TriggerS1F15">
      <Step StepName="EE29-1EB7-0512-95FF" ClassName="RandaSoft.EQPLibrary" FunctionName="TriggerS1F15" Style="1" Primary="1" X="0" Y="0" ParameterName="" ParameterValue="">
        <Child StepName="ED73-6880-F75A-8EC8" Criteria="OK" />
      </Step>
      <Step StepName="94AD-60B9-FC96-2900" ClassName="RandaSoft.EQPLibrary" FunctionName="SendS1F16" Style="1" Primary="0" X="0" Y="166" ParameterName="OFLACK" ParameterValue="0">
      </Step>
      <Step StepName="ED73-6880-F75A-8EC8" ClassName="RandaSoft.EQPLibrary" FunctionName="ChangeHostOffLine" Style="1" Primary="0" X="0" Y="76" ParameterName="" ParameterValue="">
        <Child StepName="94AD-60B9-FC96-2900" Criteria="OK" />
      </Step>
    </Workflow>
    <Workflow Name="TriggerS2F41">
      <Step StepName="31CD-9FD7-99B5-2421" ClassName="RandaSoft.EQPLibrary" FunctionName="TriggerS2F41" Style="1" Primary="1" X="582" Y="0" ParameterName="" ParameterValue="">
        <Child StepName="32B2-053F-499C-7C87" Criteria="OK" />
      </Step>
      <Step StepName="88F6-80C2-995E-4F89" ClassName="RandaSoft.EQPLibrary" FunctionName="SendS2F42" Style="1" Primary="0" X="2" Y="2" ParameterName="HCACK" ParameterValue="0" />
      <Step StepName="5AB9-7E45-13A0-538E" ClassName="RandaSoft.EQPLibrary" FunctionName="SendS2F42" Style="1" Primary="0" X="1" Y="74" ParameterName="HCACK" ParameterValue="1" />
      <Step StepName="BCA7-0BF3-1E0E-2BBA" ClassName="RandaSoft.EQPLibrary" FunctionName="SendS2F42" Style="1" Primary="0" X="0" Y="414" ParameterName="HCACK" ParameterValue="4" />
      <Step StepName="1EC1-EACD-86A9-6F16" ClassName="RandaSoft.EQPLibrary" FunctionName="SendS2F42" Style="1" Primary="0" X="0" Y="293" ParameterName="HCACK" ParameterValue="3" />
      <Step StepName="A803-9FCF-B86B-2A9A" ClassName="RandaSoft.EQPLibrary" FunctionName="SendS2F42" Style="1" Primary="0" X="0" Y="480" ParameterName="HCACK" ParameterValue="5" />
      <Step StepName="263B-4346-3022-698F" ClassName="RandaSoft.EQPLibrary" FunctionName="SendS2F42" Style="1" Primary="0" X="1" Y="242" ParameterName="HCACK" ParameterValue="2" />
      <Step StepName="32B2-053F-499C-7C87" ClassName="RandaSoft.EQPLibrary" FunctionName="CheckRCMDList" Style="1" Primary="0" X="584" Y="74" ParameterName="RCMD01@RCMD02@RCMD03@RCMD04@RCMD06@RCMD07@RCMD08" ParameterValue="GO-REMOTE@GO-LOCAL@START@STOP@PP-SELECT@PAUSE@RESUME">
        <Child StepName="5AB9-7E45-13A0-538E" Criteria="NG,Others" />
        <Child StepName="18B1-B27B-2919-8143" Criteria="START,PP-SELECT,STOP,PAUSE,RESUME" />
        <Child StepName="D055-3E5F-7C3A-C2A9" Criteria="GO-REMOTE" />
        <Child StepName="0782-1E0C-6268-9553" Criteria="GO-LOCAL" />
      </Step>
      <Step StepName="6D6A-3976-D553-01BD" ClassName="RandaSoft.EQPLibrary" FunctionName="ChangeRemote" Style="1" Primary="0" X="301" Y="737" ParameterName="" ParameterValue="">
        <Child StepName="88F6-80C2-995E-4F89" Criteria="OK" />
      </Step>
      <Step StepName="18A0-3C2D-D188-1175" ClassName="RandaSoft.EQPLibrary" FunctionName="ChangeLocal" Style="1" Primary="0" X="188" Y="929" ParameterName="" ParameterValue="">
        <Child StepName="88F6-80C2-995E-4F89" Criteria="OK" />
      </Step>
      <Step StepName="8ECE-939C-FD38-0463" ClassName="RandaSoft.EQPLibrary" FunctionName="SendS2F42" Style="1" Primary="0" X="0" Y="573" ParameterName="HCACK" ParameterValue="6" />
      <Step StepName="18B1-B27B-2919-8143" ClassName="RandaSoft.EQPLibrary" FunctionName="isRemote" Style="1" Primary="0" X="584" Y="150" ParameterName="" ParameterValue="">
        <Child StepName="263B-4346-3022-698F" Criteria="NG" />
        <Child StepName="E5A0-B1AC-4D89-79F3" Criteria="START" />
        <Child StepName="28D2-45DD-32B9-6C26" Criteria="PP-SELECT" />
        <Child StepName="B097-2522-0B7D-9C69" Criteria="STOP" />
        <Child StepName="80ED-4CF9-E8D5-D142" Criteria="PAUSE" />
        <Child StepName="5729-7AB5-CC14-4FFE" Criteria="RESUME" />
      </Step>
      <Step StepName="D055-3E5F-7C3A-C2A9" ClassName="RandaSoft.PLCLibrary" FunctionName="ChangePLCRemote" Style="2" Primary="0" X="188" Y="548" ParameterName="" ParameterValue="">
        <Child StepName="6D6A-3976-D553-01BD" Criteria="OK" />
        <Child StepName="5AB9-7E45-13A0-538E" Criteria="Error" />
      </Step>
      <Step StepName="0782-1E0C-6268-9553" ClassName="RandaSoft.PLCLibrary" FunctionName="ChangePLCLocal" Style="2" Primary="0" X="186" Y="805" ParameterName="" ParameterValue="">
        <Child StepName="18A0-3C2D-D188-1175" Criteria="OK" />
        <Child StepName="5AB9-7E45-13A0-538E" Criteria="NG" />
      </Step>
      <Step StepName="E5A0-B1AC-4D89-79F3" ClassName="RandaSoft.PLCLibrary" FunctionName="CheckPLCState" Style="2" Primary="0" X="794" Y="213" ParameterName="" ParameterValue="">
        <Child StepName="263B-4346-3022-698F" Criteria="Cannot Do Now,Error" />
        <Child StepName="4552-8E1D-B3BB-BAE6" Criteria="OK" />
      </Step>
      <Step StepName="28D2-45DD-32B9-6C26" ClassName="RandaSoft.PLCLibrary" FunctionName="CheckPLCState" Style="2" Primary="0" X="941" Y="212" ParameterName="" ParameterValue="">
        <Child StepName="263B-4346-3022-698F" Criteria="Cannot Do Now" />
        <Child StepName="1385-818F-BF6A-05D9" Criteria="OK" />
      </Step>
      <Step StepName="B097-2522-0B7D-9C69" ClassName="RandaSoft.PLCLibrary" FunctionName="CheckPLCState" Style="2" Primary="0" X="1087" Y="215" ParameterName="" ParameterValue="">
        <Child StepName="263B-4346-3022-698F" Criteria="Cannot Do Now" />
        <Child StepName="F4AF-8E79-0517-5D41" Criteria="OK" />
      </Step>
      <Step StepName="80ED-4CF9-E8D5-D142" ClassName="RandaSoft.PLCLibrary" FunctionName="CheckPLCState" Style="2" Primary="0" X="1214" Y="214" ParameterName="" ParameterValue="">
        <Child StepName="263B-4346-3022-698F" Criteria="Cannot Do Now" />
        <Child StepName="4940-988C-AAA7-B853" Criteria="OK" />
      </Step>
      <Step StepName="5729-7AB5-CC14-4FFE" ClassName="RandaSoft.PLCLibrary" FunctionName="CheckPLCState" Style="2" Primary="0" X="1365" Y="217" ParameterName="" ParameterValue="">
        <Child StepName="263B-4346-3022-698F" Criteria="Cannot Do Now" />
        <Child StepName="03CE-F519-6535-D0E3" Criteria="OK" />
      </Step>
      <Step StepName="1385-818F-BF6A-05D9" ClassName="RandaSoft.PLCLibrary" FunctionName="CheckEQPState" Style="2" Primary="0" X="943" Y="280" ParameterName="" ParameterValue="">
        <Child StepName="68EF-2E79-21D6-03C2" Criteria="OK" />
        <Child StepName="263B-4346-3022-698F" Criteria="Cannot Do Now" />
        <Child StepName="1EC1-EACD-86A9-6F16" Criteria="Parameter Error" />
      </Step>
      <Step StepName="68EF-2E79-21D6-03C2" ClassName="RandaSoft.PLCLibrary" FunctionName="GetPPIDList" Style="2" Primary="0" X="945" Y="348" ParameterName="" ParameterValue="">
        <Child StepName="063F-F78A-67A6-D354" Criteria="OK" />
      </Step>
      <Step StepName="063F-F78A-67A6-D354" ClassName="RandaSoft.PLCLibrary" FunctionName="PPSelectStatus" Style="2" Primary="0" X="950" Y="417" ParameterName="" ParameterValue="">
        <Child StepName="4EB7-4683-5F1F-D14E" Criteria="OK" />
        <Child StepName="B737-0683-189E-264A" Criteria="NG" />
      </Step>
      <Step StepName="4EB7-4683-5F1F-D14E" ClassName="RandaSoft.EQPLibrary" FunctionName="SendS2F42" Style="1" Primary="0" X="949" Y="479" ParameterName="HCACK" ParameterValue="0">
        <Child StepName="ACF6-46C0-BD5E-1588" Criteria="OK" />
      </Step>
      <Step StepName="B737-0683-189E-264A" ClassName="RandaSoft.EQPLibrary" FunctionName="SendS2F42" Style="1" Primary="0" X="1101" Y="478" ParameterName="HCACK" ParameterValue="6">
        <Child StepName="1E5B-CBA9-3BC6-EB70" Criteria="OK" />
      </Step>
      <Step StepName="ACF6-46C0-BD5E-1588" ClassName="RandaSoft.EQPLibrary" FunctionName="SendEvent" Style="1" Primary="0" X="952" Y="552" ParameterName="CEID" ParameterValue="103" />
      <Step StepName="1E5B-CBA9-3BC6-EB70" ClassName="RandaSoft.EQPLibrary" FunctionName="SendEvent" Style="1" Primary="0" X="1104" Y="545" ParameterName="CEID" ParameterValue="104" />
      <Step StepName="4552-8E1D-B3BB-BAE6" ClassName="RandaSoft.PLCLibrary" FunctionName="StartOn" Style="2" Primary="0" X="795" Y="291" ParameterName="" ParameterValue="">
        <Child StepName="263B-4346-3022-698F" Criteria="NG,Cannot Do Now" />
        <Child StepName="88F6-80C2-995E-4F89" Criteria="OK" />
        <Child StepName="A803-9FCF-B86B-2A9A" Criteria="Already" />
      </Step>
      <Step StepName="F4AF-8E79-0517-5D41" ClassName="RandaSoft.PLCLibrary" FunctionName="WritePLCByRandom2" Style="2" Primary="0" X="1090" Y="279" ParameterName="DeviceID@PLCNo@Value" ParameterValue="M6605@0@1">
        <Child StepName="5278-43C3-B3E0-638A" Criteria="OK" />
      </Step>
      <Step StepName="5278-43C3-B3E0-638A" ClassName="RandaSoft.PLCLibrary" FunctionName="WritePLCByRandom2" Style="2" Primary="0" X="1090" Y="339" ParameterName="DeviceID@PLCNo@Value" ParameterValue="M7203@1@1">
        <Child StepName="88F6-80C2-995E-4F89" Criteria="OK" />
      </Step>
      <Step StepName="4940-988C-AAA7-B853" ClassName="RandaSoft.PLCLibrary" FunctionName="WritePLCByRandom2" Style="2" Primary="0" X="1216" Y="279" ParameterName="DeviceID@PLCNo@Value" ParameterValue="M6600@0@1">
        <Child StepName="88F6-80C2-995E-4F89" Criteria="OK" />
      </Step>
      <Step StepName="03CE-F519-6535-D0E3" ClassName="RandaSoft.PLCLibrary" FunctionName="WritePLCByRandom2" Style="2" Primary="0" X="1367" Y="281" ParameterName="DeviceID@PLCNo@Value" ParameterValue="M6600@0@0">
        <Child StepName="88F6-80C2-995E-4F89" Criteria="OK" />
      </Step>
    </Workflow>
    <Workflow Name="TriggerSnF0">
      <Step StepName="0947-D553-7130-9D9A" ClassName="RandaSoft.EQPLibrary" FunctionName="TriggerSnF0" Style="1" Primary="1" X="0" Y="0" ParameterName="" ParameterValue="" />
    </Workflow>
    <Workflow Name="TriggerS1F1">
      <Step StepName="3D4B-D715-4DB3-A5DD" ClassName="RandaSoft.EQPLibrary" FunctionName="TriggerS1F1" Style="1" Primary="1" X="0" Y="0" ParameterName="" ParameterValue="">
        <Child StepName="1878-B8C3-D7E1-368C" Criteria="OK" />
      </Step>
      <Step StepName="1878-B8C3-D7E1-368C" ClassName="RandaSoft.EQPLibrary" FunctionName="SendS1F2" Style="1" Primary="0" X="0" Y="70" ParameterName="" ParameterValue="" />
    </Workflow>
    <Workflow Name="TriggerS1F11">
      <Step StepName="29BF-790C-8B27-98D3" ClassName="RandaSoft.EQPLibrary" FunctionName="TriggerS1F11" Style="1" Primary="1" X="0" Y="0" ParameterName="" ParameterValue="">
        <Child StepName="1292-B95F-C4F9-2A25" Criteria="OK" />
      </Step>
      <Step StepName="1292-B95F-C4F9-2A25" ClassName="RandaSoft.EQPLibrary" FunctionName="SendS1F12" Style="1" Primary="0" X="0" Y="64" ParameterName="" ParameterValue="" />
    </Workflow>
    <Workflow Name="TriggerS1F3">
      <Step StepName="4752-B55C-AF3A-39A6" ClassName="RandaSoft.EQPLibrary" FunctionName="TriggerS1F3" Style="1" Primary="1" X="0" Y="0" ParameterName="" ParameterValue="">
        <Child StepName="6AB7-EC45-239F-058B" Criteria="OK" />
      </Step>
      <Step StepName="6AB7-EC45-239F-058B" ClassName="RandaSoft.EQPLibrary" FunctionName="SendS1F4" Style="1" Primary="0" X="0" Y="70" ParameterName="" ParameterValue="" />
    </Workflow>
    <Workflow Name="TriggerS2F17">
      <Step StepName="1C05-F513-E1EF-1B5B" ClassName="RandaSoft.EQPLibrary" FunctionName="TriggerS2F17" Style="1" Primary="1" X="0" Y="0" ParameterName="" ParameterValue="">
        <Child StepName="5707-4ED3-676F-1D9A" Criteria="OK" />
      </Step>
      <Step StepName="5707-4ED3-676F-1D9A" ClassName="RandaSoft.EQPLibrary" FunctionName="SendS2F18" Style="1" Primary="0" X="0" Y="81" ParameterName="" ParameterValue="" />
    </Workflow>
    <Workflow Name="TriggerS2F31">
      <Step StepName="A9AF-F27A-5C15-1F43" ClassName="RandaSoft.EQPLibrary" FunctionName="TriggerS2F31" Style="1" Primary="1" X="287" Y="20" ParameterName="" ParameterValue="">
        <Child StepName="B6F6-5742-BA5C-D50A" Criteria="OK" />
        <Child StepName="D489-23D6-35F1-439D" Criteria="NG" />
      </Step>
      <Step StepName="B6F6-5742-BA5C-D50A" ClassName="RandaSoft.EQPLibrary" FunctionName="SendS2F32" Style="1" Primary="0" X="195" Y="165" ParameterName="TIACK" ParameterValue="0">
      </Step>
      <Step StepName="D489-23D6-35F1-439D" ClassName="RandaSoft.EQPLibrary" FunctionName="SendS2F32" Style="1" Primary="0" X="381" Y="165" ParameterName="TIACK" ParameterValue="1" />
    </Workflow>
    <Workflow Name="TriggerS2F23">
      <Step StepName="2449-6D15-D6B0-DDDB" ClassName="RandaSoft.EQPLibrary" FunctionName="SendS2F24" Style="1" Primary="0" X="0" Y="91" ParameterName="" ParameterValue="" />
      <Step StepName="EDE9-1E77-04D2-95BF" ClassName="RandaSoft.EQPLibrary" FunctionName="TriggerS2F23" Style="1" Primary="1" X="0" Y="0" ParameterName="" ParameterValue="">
        <Child StepName="2449-6D15-D6B0-DDDB" Criteria="All" />
      </Step>
    </Workflow>
    <Workflow Name="TriggerS2F33">
      <Step StepName="7EFA-A287-37E2-77CF" ClassName="RandaSoft.EQPLibrary" FunctionName="TriggerS2F33" Style="1" Primary="1" X="0" Y="0" ParameterName="" ParameterValue="">
        <Child StepName="B9FB-3507-7FE5-5B4F" Criteria="OK" />
      </Step>
      <Step StepName="B9FB-3507-7FE5-5B4F" ClassName="RandaSoft.EQPLibrary" FunctionName="SendS2F34" Style="1" Primary="0" X="0" Y="76" ParameterName="" ParameterValue="" />
    </Workflow>
    <Workflow Name="TriggerS2F35">
      <Step StepName="C055-6722-72BC-D7E8" ClassName="RandaSoft.EQPLibrary" FunctionName="TriggerS2F35" Style="1" Primary="1" X="0" Y="0" ParameterName="" ParameterValue="">
        <Child StepName="6046-A290-63AB-2058" Criteria="OK" />
      </Step>
      <Step StepName="6046-A290-63AB-2058" ClassName="RandaSoft.EQPLibrary" FunctionName="SendS2F36" Style="1" Primary="0" X="0" Y="70" ParameterName="" ParameterValue="" />
    </Workflow>
    <Workflow Name="TriggerS2F37">
      <Step StepName="96A4-04AE-FE8C-88F8" ClassName="RandaSoft.EQPLibrary" FunctionName="TriggerS2F37" Style="1" Primary="1" X="0" Y="0" ParameterName="" ParameterValue="">
        <Child StepName="FCEB-7E79-B5D3-97BF" Criteria="OK" />
      </Step>
      <Step StepName="FCEB-7E79-B5D3-97BF" ClassName="RandaSoft.EQPLibrary" FunctionName="SendS2F38" Style="1" Primary="0" X="0" Y="67" ParameterName="" ParameterValue="" />
    </Workflow>
    <Workflow Name="TriggerS5F1">
      <Step StepName="C6FE-B1C7-7964-DE91" ClassName="RandaSoft.EQPLibrary" FunctionName="SendS5F1" Style="1" Primary="1" X="0" Y="95" ParameterName="WriteLog" ParameterValue="1">
      </Step>
      <Step StepName="AAA4-18AE-5689-9CF8" ClassName="RandaSoft.EQPLibrary" FunctionName="TriggerS5F1" Style="1" Primary="1" X="0" Y="0" ParameterName="" ParameterValue="">
        <Child StepName="C6FE-B1C7-7964-DE91" Criteria="OK" />
      </Step>
    </Workflow>
    <Workflow Name="TriggerS5F3">
      <Step StepName="3350-63DE-4A39-DB26" ClassName="RandaSoft.EQPLibrary" FunctionName="TriggerS5F3" Style="1" Primary="1" X="0" Y="0" ParameterName="" ParameterValue="">
        <Child StepName="6C18-3824-D401-006B" Criteria="OK" />
      </Step>
      <Step StepName="6C18-3824-D401-006B" ClassName="RandaSoft.EQPLibrary" FunctionName="SendS5F4" Style="1" Primary="0" X="0" Y="73" ParameterName="" ParameterValue="" />
    </Workflow>
    <Workflow Name="TriggerS5F5">
      <Step StepName="E858-E024-F8C0-AEEB" ClassName="RandaSoft.EQPLibrary" FunctionName="TriggerS5F5" Style="1" Primary="1" X="0" Y="0" ParameterName="" ParameterValue="">
        <Child StepName="1C61-6BAE-7DC9-8B75" Criteria="OK" />
      </Step>
      <Step StepName="1C61-6BAE-7DC9-8B75" ClassName="RandaSoft.EQPLibrary" FunctionName="SendS5F6" Style="1" Primary="0" X="0" Y="95" ParameterName="" ParameterValue="" />
    </Workflow>
    <Workflow Name="TriggerS5F7">
      <Step StepName="812A-02B8-3A12-1BFE" ClassName="RandaSoft.EQPLibrary" FunctionName="TriggerS5F7" Style="1" Primary="1" X="0" Y="0" ParameterName="" ParameterValue="">
        <Child StepName="8154-5A62-473E-80AA" Criteria="OK" />
      </Step>
      <Step StepName="8154-5A62-473E-80AA" ClassName="RandaSoft.EQPLibrary" FunctionName="SendS5F8" Style="1" Primary="0" X="0" Y="83" ParameterName="" ParameterValue="" />
    </Workflow>
    <Workflow Name="TriggerS6F11">
      <Step StepName="2770-703B-D9D6-9D04" ClassName="RandaSoft.EQPLibrary" FunctionName="TriggerS6F11" Style="1" Primary="1" X="0" Y="0" ParameterName="" ParameterValue="">
        <Child StepName="85D5-CEA1-383C-3F67" Criteria="OK" />
      </Step>
      <Step StepName="85D5-CEA1-383C-3F67" ClassName="RandaSoft.EQPLibrary" FunctionName="SendS6F11" Style="1" Primary="0" X="0" Y="100" ParameterName="" ParameterValue="" />
    </Workflow>
    <Workflow Name="TriggerS6F15">
      <Step StepName="3596-DC62-A3FF-092C" ClassName="RandaSoft.EQPLibrary" FunctionName="TriggerS6F15" Style="1" Primary="1" X="0" Y="0" ParameterName="" ParameterValue="">
        <Child StepName="3829-3677-F792-B43F" Criteria="OK" />
      </Step>
      <Step StepName="3829-3677-F792-B43F" ClassName="RandaSoft.EQPLibrary" FunctionName="SendS6F16" Style="1" Primary="0" X="0" Y="74" ParameterName="" ParameterValue="" />
    </Workflow>
    <Workflow Name="TriggerS6F17">
      <Step StepName="4555-B35F-F13A-37A9" ClassName="RandaSoft.EQPLibrary" FunctionName="TriggerS6F17" Style="1" Primary="1" X="0" Y="0" ParameterName="" ParameterValue="">
        <Child StepName="B1E9-8476-C8D3-FBBE" Criteria="OK" />
      </Step>
      <Step StepName="B1E9-8476-C8D3-FBBE" ClassName="RandaSoft.EQPLibrary" FunctionName="SendS6F18" Style="1" Primary="0" X="0" Y="83" ParameterName="" ParameterValue="" />
    </Workflow>
    <Workflow Name="TriggerS6F19">
      <Step StepName="E597-02A2-EF7E-28EA" ClassName="RandaSoft.EQPLibrary" FunctionName="TriggerS6F19" Style="1" Primary="1" X="0" Y="0" ParameterName="" ParameterValue="">
        <Child StepName="4D06-7D94-63EF-F4DC" Criteria="OK" />
      </Step>
      <Step StepName="4D06-7D94-63EF-F4DC" ClassName="RandaSoft.EQPLibrary" FunctionName="SendS6F20" Style="1" Primary="0" X="0" Y="84" ParameterName="" ParameterValue="" />
    </Workflow>
    <Workflow Name="TriggerS10F3">
      <Step StepName="D2F1-79BD-415A-A687" ClassName="RandaSoft.EQPLibrary" FunctionName="TriggerS10F3" Style="1" Primary="1" X="0" Y="0" ParameterName="" ParameterValue="">
        <Child StepName="E1F9-E046-A162-A20C" Criteria="OK" />
      </Step>
      <Step StepName="E1F9-E046-A162-A20C" ClassName="RandaSoft.EQPLibrary" FunctionName="TerminalDisplay" Style="1" Primary="0" X="0" Y="68" ParameterName="" ParameterValue="">
        <Child StepName="8F89-2953-9FF1-F81B" Criteria="OK" />
      </Step>
      <Step StepName="8F89-2953-9FF1-F81B" ClassName="RandaSoft.EQPLibrary" FunctionName="SendS10F4" Style="1" Primary="0" X="0" Y="128" ParameterName="" ParameterValue="" />
    </Workflow>
    <Workflow Name="TriggerS10F5">
      <Step StepName="B749-A894-18B1-C85B" ClassName="RandaSoft.EQPLibrary" FunctionName="TriggerS10F5" Style="1" Primary="1" X="0" Y="0" ParameterName="" ParameterValue="">
        <Child StepName="7E20-82EE-EC8A-F3B5" Criteria="OK" />
      </Step>
      <Step StepName="7E20-82EE-EC8A-F3B5" ClassName="RandaSoft.EQPLibrary" FunctionName="TerminalDisplay" Style="1" Primary="0" X="0" Y="79" ParameterName="" ParameterValue="">
        <Child StepName="B199-51E4-7102-CFAD" Criteria="OK" />
      </Step>
      <Step StepName="B199-51E4-7102-CFAD" ClassName="RandaSoft.EQPLibrary" FunctionName="SendS10F6" Style="1" Primary="0" X="0" Y="147" ParameterName="" ParameterValue="" />
    </Workflow>
    <Workflow Name="TriggerS10F1">
      <Step StepName="F0A8-BCB4-5890-40FD" ClassName="RandaSoft.EQPLibrary" FunctionName="TriggerS10F1" Style="1" Primary="1" X="0" Y="0" ParameterName="" ParameterValue="">
        <Child StepName="0219-25A5-BB01-3EEB" Criteria="OK" />
      </Step>
      <Step StepName="0219-25A5-BB01-3EEB" ClassName="RandaSoft.EQPLibrary" FunctionName="TerminalDisplay" Style="1" Primary="0" X="0" Y="71" ParameterName="" ParameterValue="" />
    </Workflow>
    <Workflow Name="TriggerS2F13">
      <Step StepName="A924-A772-688D-253A" ClassName="RandaSoft.EQPLibrary" FunctionName="TriggerS2F13" Style="1" Primary="1" X="0" Y="0" ParameterName="" ParameterValue="">
        <Child StepName="90F9-E6C7-A161-B58E" Criteria="OK" />
      </Step>
      <Step StepName="90F9-E6C7-A161-B58E" ClassName="RandaSoft.EQPLibrary" FunctionName="SendS2F14" Style="1" Primary="0" X="0" Y="101" ParameterName="" ParameterValue="" />
    </Workflow>
    <Workflow Name="TriggerS2F15">
      <Step StepName="69B1-5AFC-CB18-36C6" ClassName="RandaSoft.EQPLibrary" FunctionName="TriggerS2F15" Style="1" Primary="1" X="0" Y="0" ParameterName="" ParameterValue="">
        <Child StepName="67C4-B090-1A2B-2156" Criteria="OK" />
      </Step>
      <Step StepName="67C4-B090-1A2B-2156" ClassName="RandaSoft.EQPLibrary" FunctionName="SendS2F16" Style="1" Primary="0" X="0" Y="81" ParameterName="" ParameterValue="" />
    </Workflow>
    <Workflow Name="TriggerS2F29">
      <Step StepName="2052-EC5E-883B-B4A5" ClassName="RandaSoft.EQPLibrary" FunctionName="TriggerS2F29" Style="1" Primary="1" X="0" Y="0" ParameterName="" ParameterValue="">
        <Child StepName="837F-A70C-3C67-7C54" Criteria="OK" />
      </Step>
      <Step StepName="837F-A70C-3C67-7C54" ClassName="RandaSoft.EQPLibrary" FunctionName="SendS2F30" Style="1" Primary="0" X="0" Y="84" ParameterName="" ParameterValue="" />
    </Workflow>
    <Workflow Name="TriggerS7F1">
      <Step StepName="4D45-380E-FFAB-64D8" ClassName="RandaSoft.EQPLibrary" FunctionName="TriggerS7F1" Style="1" Primary="1" X="0" Y="0" ParameterName="" ParameterValue="" />
    </Workflow>
    <Workflow Name="TriggerS7F3">
      <Step StepName="69AC-3C39-8096-B381" ClassName="RandaSoft.EQPLibrary" FunctionName="TriggerS7F3" Style="1" Primary="1" X="0" Y="0" ParameterName="" ParameterValue="" />
    </Workflow>
    <Workflow Name="TriggerS7F5">
      <Step StepName="120D-105B-D176-8E23" ClassName="RandaSoft.EQPLibrary" FunctionName="TriggerS7F5" Style="1" Primary="1" X="0" Y="0" ParameterName="" ParameterValue="" />
    </Workflow>
    <Workflow Name="TriggerS7F19">
      <Step StepName="0ECA-F993-C130-265D" ClassName="RandaSoft.EQPLibrary" FunctionName="TriggerS7F19" Style="1" Primary="1" X="0" Y="0" ParameterName="" ParameterValue="">
        <Child StepName="760E-EA9A-D0F5-61E1" Criteria="OK" />
      </Step>
      <Step StepName="A128-9F76-6091-1D3E" ClassName="RandaSoft.EQPLibrary" FunctionName="SendS7F20" Style="1" Primary="0" X="0" Y="135" ParameterName="" ParameterValue="" />
      <Step StepName="760E-EA9A-D0F5-61E1" ClassName="RandaSoft.PLCLibrary" FunctionName="GetPPIDList" Style="2" Primary="0" X="0" Y="60" ParameterName="" ParameterValue="">
        <Child StepName="A128-9F76-6091-1D3E" Criteria="OK" />
      </Step>
    </Workflow>
    <Workflow Name="TriggerS7F25">
      <Step StepName="133E-8148-BF23-0592" ClassName="RandaSoft.EQPLibrary" FunctionName="TriggerS7F25" Style="1" Primary="1" X="0" Y="0" ParameterName="" ParameterValue="">
        <Child StepName="852F-767A-E696-5244" Criteria="OK" />
      </Step>
      <Step StepName="852F-767A-E696-5244" ClassName="RandaSoft.PLCLibrary" FunctionName="GetRecipeBody" Style="2" Primary="0" X="1" Y="60" ParameterName="" ParameterValue="">
        <Child StepName="AF97-F863-61FE-6929" Criteria="All" />
      </Step>
      <Step StepName="AF97-F863-61FE-6929" ClassName="RandaSoft.EQPLibrary" FunctionName="SendS7F26" Style="1" Primary="0" X="0" Y="120" ParameterName="" ParameterValue="" />
    </Workflow>
    <Workflow Name="TriggerS7F23">
      <Step StepName="532D-A8FB-6395-77C2" ClassName="RandaSoft.EQPLibrary" FunctionName="TriggerS7F23" Style="1" Primary="1" X="0" Y="0" ParameterName="" ParameterValue="">
        <Child StepName="7A61-976C-8448-BDB4" Criteria="OK" />
      </Step>
      <Step StepName="D123-A3B0-E80D-1AF8" ClassName="RandaSoft.PLCLibrary" FunctionName="SetRecipeBody" Style="2" Primary="0" X="0" Y="117" ParameterName="" ParameterValue="">
        <Child StepName="A4FE-9CCA-B566-6B91" Criteria="OK" />
        <Child StepName="3604-8551-976C-A518" Criteria="NG" />
      </Step>
      <Step StepName="7A61-976C-8448-BDB4" ClassName="RandaSoft.PLCLibrary" FunctionName="GetPPIDList" Style="2" Primary="0" X="0" Y="60" ParameterName="" ParameterValue="">
        <Child StepName="D123-A3B0-E80D-1AF8" Criteria="OK" />
        <Child StepName="3604-8551-976C-A518" Criteria="NG" />
      </Step>
      <Step StepName="A4FE-9CCA-B566-6B91" ClassName="RandaSoft.EQPLibrary" FunctionName="SendS7F24" Style="1" Primary="0" X="0" Y="177" ParameterName="ACKC7" ParameterValue="0" />
      <Step StepName="3604-8551-976C-A518" ClassName="RandaSoft.EQPLibrary" FunctionName="SendS7F24" Style="1" Primary="0" X="140" Y="177" ParameterName="ACKC7" ParameterValue="1" />
    </Workflow>
    <Workflow Name="TriggerS7F17">
      <Step StepName="C3F9-E785-7CE0-BCCE" ClassName="RandaSoft.EQPLibrary" FunctionName="TriggerS7F17" Style="1" Primary="1" X="0" Y="0" ParameterName="" ParameterValue="">
        <Child StepName="308E-AB9A-F678-D1E2" Criteria="OK" />
      </Step>
      <Step StepName="308E-AB9A-F678-D1E2" ClassName="RandaSoft.PLCLibrary" FunctionName="GetPPIDList" Style="2" Primary="0" X="0" Y="60" ParameterName="" ParameterValue="">
        <Child StepName="D9BB-03C8-41A4-CC0F" Criteria="OK" />
      </Step>
      <Step StepName="D9BB-03C8-41A4-CC0F" ClassName="RandaSoft.PLCLibrary" FunctionName="DeletePPID" Style="2" Primary="0" X="0" Y="120" ParameterName="" ParameterValue="">
        <Child StepName="7BBA-FD48-34A2-168E" Criteria="OK" />
        <Child StepName="3E65-5B70-484C-81B9" Criteria="NG,Others" />
        <Child StepName="1391-BA5D-81FA-E727" Criteria="UnSupported" />
      </Step>
      <Step StepName="7BBA-FD48-34A2-168E" ClassName="RandaSoft.EQPLibrary" FunctionName="SendS7F18" Style="1" Primary="0" X="0" Y="180" ParameterName="ACKC7" ParameterValue="0" />
      <Step StepName="3E65-5B70-484C-81B9" ClassName="RandaSoft.EQPLibrary" FunctionName="SendS7F18" Style="1" Primary="0" X="140" Y="180" ParameterName="ACKC7" ParameterValue="4" />
      <Step StepName="1391-BA5D-81FA-E727" ClassName="RandaSoft.EQPLibrary" FunctionName="SendS7F18" Style="1" Primary="0" X="280" Y="180" ParameterName="ACKC7" ParameterValue="5" />
    </Workflow>
  </Category>
  <Category Name="Common">
    <Workflow Name="StartUp">
      <Step StepName="A0FF-924A-0266-6E14" ClassName="RandaSoft.PLCLibrary" FunctionName="StartUp" Style="2" Primary="1" X="0" Y="0" ParameterName="" ParameterValue="">
        <Child StepName="BDA5-19F4-7D0E-DBB9" Criteria="OK" />
      </Step>
      <Step StepName="BDA5-19F4-7D0E-DBB9" ClassName="RandaSoft.PLCLibrary" FunctionName="GetPPIDList" Style="2" Primary="0" X="0" Y="60" ParameterName="" ParameterValue="" />
    </Workflow>
    <Workflow Name="ChangeToIdle" />
    <Workflow Name="ChangeToDown" />
    <Workflow Name="ChangeToRun" />
    <Workflow Name="ReadyToStart" />
    <Workflow Name="AllEQPReady" />
    <Workflow Name="RecipeShow">
      <Step StepName="F7A2-1B2E-6C8D-F077" ClassName="RandaSoft.PLCLibrary" FunctionName="UpdateCVPRecipeName" Style="2" Primary="1" X="0" Y="0" ParameterName="" ParameterValue="">
        <Child StepName="C57D-6C49-33E6-9913" Criteria="OK" />
      </Step>
      <Step StepName="EF24-3E70-0C8E-1A3A" ClassName="RandaSoft.PLCLibrary" FunctionName="UpdateNTRecipeName" Style="2" Primary="1" X="262" Y="0" ParameterName="" ParameterValue="">
        <Child StepName="5B83-59D0-1AEC-1B96" Criteria="OK" />
      </Step>
      <Step StepName="C57D-6C49-33E6-9913" ClassName="RandaSoft.EQPLibrary" FunctionName="UPUIValueFormPLC" Style="1" Primary="0" X="0" Y="60" ParameterName="ControlName" ParameterValue="labPLC2RecipeName" />
      <Step StepName="5B83-59D0-1AEC-1B96" ClassName="RandaSoft.EQPLibrary" FunctionName="UPUIValueFormPLC" Style="1" Primary="0" X="262" Y="60" ParameterName="ControlName" ParameterValue="labPLC1RecipeName" />
    </Workflow>
    <Workflow Name="Closing">
      <Step StepName="B59B-8828-CC85-FF70" ClassName="RandaSoft.PLCLibrary" FunctionName="Closing" Style="2" Primary="1" X="0" Y="0" ParameterName="" ParameterValue="" />
    </Workflow>
  </Category>
  <Category Name="PLC-NT300">
    <Workflow Name="PanelIn_NT300">
      <Step StepName="C7E1-2430-874A-E5F5" ClassName="RandaSoft.PLCLibrary" FunctionName="NT_PanelIn" Style="2" Primary="1" X="0" Y="0" ParameterName="" ParameterValue="">
        <Child StepName="1093-085F-20FB-D726" Criteria="OK" />
      </Step>
      <Step StepName="1093-085F-20FB-D726" ClassName="RandaSoft.EQPLibrary" FunctionName="SendEvent" Style="1" Primary="0" X="0" Y="60" ParameterName="CEID" ParameterValue="201">
        <Child StepName="4CDC-9C29-AE44-BBF0" Criteria="All" />
      </Step>
      <Step StepName="4CDC-9C29-AE44-BBF0" ClassName="RandaSoft.PLCLibrary" FunctionName="LotStartCheck" Style="2" Primary="0" X="0" Y="120" ParameterName="" ParameterValue="">
        <Child StepName="63C5-0A92-162C-7B58" Criteria="OK" />
      </Step>
      <Step StepName="63C5-0A92-162C-7B58" ClassName="RandaSoft.EQPLibrary" FunctionName="SendEvent" Style="1" Primary="0" X="0" Y="180" ParameterName="CEID" ParameterValue="105" />
    </Workflow>
    <Workflow Name="PanelOut_NT300">
      <Step StepName="E6C4-FD4E-41AA-7495" ClassName="RandaSoft.PLCLibrary" FunctionName="NT_PanelOut" Style="2" Primary="1" X="0" Y="0" ParameterName="" ParameterValue="">
        <Child StepName="45A0-B3AA-AD88-37F4" Criteria="OK" />
      </Step>
      <Step StepName="45A0-B3AA-AD88-37F4" ClassName="RandaSoft.EQPLibrary" FunctionName="SendEvent" Style="1" Primary="0" X="0" Y="60" ParameterName="CEID" ParameterValue="203" />
    </Workflow>
  </Category>
  <Category Name="PLC-CVP600">
    <Workflow Name="PanelIn_CVP600">
      <Step StepName="9DDB-F3A9-AE43-C271" ClassName="RandaSoft.PLCLibrary" FunctionName="CVP_PanelIn" Style="2" Primary="1" X="0" Y="0" ParameterName="" ParameterValue="">
        <Child StepName="C0AA-B1F5-2211-8DBF" Criteria="OK" />
      </Step>
      <Step StepName="C0AA-B1F5-2211-8DBF" ClassName="RandaSoft.EQPLibrary" FunctionName="SendEvent" Style="1" Primary="0" X="0" Y="60" ParameterName="CEID" ParameterValue="251" />
    </Workflow>
    <Workflow Name="PanelOut_CVP600">
      <Step StepName="406A-1978-0654-3FC0" ClassName="RandaSoft.PLCLibrary" FunctionName="CVP_PanelOut" Style="2" Primary="1" X="0" Y="0" ParameterName="" ParameterValue="">
        <Child StepName="CECF-435B-29B6-BAA2" Criteria="OK" />
      </Step>
      <Step StepName="CECF-435B-29B6-BAA2" ClassName="RandaSoft.EQPLibrary" FunctionName="SendEvent" Style="1" Primary="0" X="0" Y="60" ParameterName="CEID" ParameterValue="253">
        <Child StepName="3E5F-0A6B-A648-D2B2" Criteria="All" />
      </Step>
      <Step StepName="3E5F-0A6B-A648-D2B2" ClassName="RandaSoft.PLCLibrary" FunctionName="LotEndCheck" Style="2" Primary="0" X="0" Y="120" ParameterName="" ParameterValue="">
        <Child StepName="6319-86A5-1C00-5BEE" Criteria="OK" />
      </Step>
      <Step StepName="6319-86A5-1C00-5BEE" ClassName="RandaSoft.EQPLibrary" FunctionName="SendEvent" Style="1" Primary="0" X="0" Y="180" ParameterName="CEID" ParameterValue="106" />
    </Workflow>
    <Workflow Name="CVP_1st_Start">
      <Step StepName="55F4-FCC1-085B-6D87" ClassName="RandaSoft.PLCLibrary" FunctionName="CVP_1st_Start" Style="2" Primary="1" X="0" Y="0" ParameterName="" ParameterValue="">
        <Child StepName="13CB-5615-D334-D3DE" Criteria="OK" />
      </Step>
      <Step StepName="13CB-5615-D334-D3DE" ClassName="RandaSoft.EQPLibrary" FunctionName="SendEvent" Style="1" Primary="0" X="0" Y="60" ParameterName="CEID" ParameterValue="254" />
    </Workflow>
    <Workflow Name="CVP_2nd_Start">
      <Step StepName="FB23-2530-630C-ED77" ClassName="RandaSoft.PLCLibrary" FunctionName="CVP_2nd_Start" Style="2" Primary="1" X="0" Y="0" ParameterName="" ParameterValue="">
        <Child StepName="B237-33C5-6B1F-4D0B" Criteria="OK" />
      </Step>
      <Step StepName="B237-33C5-6B1F-4D0B" ClassName="RandaSoft.EQPLibrary" FunctionName="SendEvent" Style="1" Primary="0" X="0" Y="60" ParameterName="CEID" ParameterValue="255" />
    </Workflow>
    <Workflow Name="CVP_Press_End">
      <Step StepName="8C80-39CE-A9EB-5995" ClassName="RandaSoft.PLCLibrary" FunctionName="CVP_Press_end" Style="2" Primary="1" X="0" Y="0" ParameterName="" ParameterValue="">
        <Child StepName="DA1F-22EA-4888-4FB3" Criteria="OK" />
      </Step>
      <Step StepName="DA1F-22EA-4888-4FB3" ClassName="RandaSoft.EQPLibrary" FunctionName="SendEvent" Style="1" Primary="0" X="0" Y="60" ParameterName="CEID" ParameterValue="256" />
    </Workflow>
  </Category>
</Definition>